Prefix,HEX,DEC,Opcode,Param1,Param2,7,6,5,4,3,2,1,0,BIN,Immediate,Official,Memory,IX/IY,Assume A
,0,0,NOP,,,0,0,0,0,0,0,0,0,00000000,N,Y,N,N,N
,1,1,LD,BC,nn,0,0,0,0,0,0,0,1,00000001,Y,Y,N,N,N
,2,2,LD,(BC),A,0,0,0,0,0,0,1,0,00000010,N,Y,Y,N,N
,3,3,INC,BC,,0,0,0,0,0,0,1,1,00000011,N,Y,N,N,N
,4,4,INC,B,,0,0,0,0,0,1,0,0,00000100,N,Y,N,N,N
,5,5,DEC,B,,0,0,0,0,0,1,0,1,00000101,N,Y,N,N,N
,6,6,LD,B,n,0,0,0,0,0,1,1,0,00000110,Y,Y,N,N,N
,7,7,RLCA,,,0,0,0,0,0,1,1,1,00000111,N,Y,N,N,N
,8,8,EX,AF,AF,0,0,0,0,1,0,0,0,00001000,N,Y,N,N,N
,9,9,ADD,HL,BC,0,0,0,0,1,0,0,1,00001001,N,Y,N,Y - No Displacment,N
,0A,10,LD,A,(BC),0,0,0,0,1,0,1,0,00001010,N,Y,Y,N,N
,0B,11,DEC,BC,,0,0,0,0,1,0,1,1,00001011,N,Y,N,N,N
,0C,12,INC,C,,0,0,0,0,1,1,0,0,00001100,N,Y,N,N,N
,0D,13,DEC,C,,0,0,0,0,1,1,0,1,00001101,N,Y,N,N,N
,0E,14,LD,C,n,0,0,0,0,1,1,1,0,00001110,Y,Y,N,N,N
,0F,15,RRCA,,,0,0,0,0,1,1,1,1,00001111,N,Y,N,N,N
,10,16,DJNZ,e-2,,0,0,0,1,0,0,0,0,00010000,Y,Y,Y,N,N
,11,17,LD,DE,nn,0,0,0,1,0,0,0,1,00010001,Y,Y,N,N,N
,12,18,LD,(DE),A,0,0,0,1,0,0,1,0,00010010,N,Y,Y,N,N
,13,19,INC,DE,,0,0,0,1,0,0,1,1,00010011,N,Y,N,N,N
,14,20,INC,D,,0,0,0,1,0,1,0,0,00010100,N,Y,N,N,N
,15,21,DEC,D,,0,0,0,1,0,1,0,1,00010101,N,Y,N,N,N
,16,22,LD,D,n,0,0,0,1,0,1,1,0,00010110,Y,Y,N,N,N
,17,23,RLA,,,0,0,0,1,0,1,1,1,00010111,N,Y,N,N,N
,18,24,JR,e-2,,0,0,0,1,1,0,0,0,00011000,Y,Y,Y,N,N
,19,25,ADD,HL,DE,0,0,0,1,1,0,0,1,00011001,N,Y,N,Y - No Displacment,N
,1A,26,LD,A,(DE),0,0,0,1,1,0,1,0,00011010,N,Y,Y,N,N
,1B,27,DEC,DE,,0,0,0,1,1,0,1,1,00011011,N,Y,N,N,N
,1C,28,INC,E,,0,0,0,1,1,1,0,0,00011100,N,Y,N,N,N
,1D,29,DEC,E,,0,0,0,1,1,1,0,1,00011101,N,Y,N,N,N
,1E,30,LD,E,n,0,0,0,1,1,1,1,0,00011110,Y,Y,N,N,N
,1F,31,RRA,,,0,0,0,1,1,1,1,1,00011111,N,Y,N,N,N
,20,32,JR,NZ,e-2,0,0,1,0,0,0,0,0,00100000,Y,Y,Y,N,N
,21,33,LD,HL,nn,0,0,1,0,0,0,0,1,00100001,Y,Y,N,Y - No Displacment,N
,22,34,LD,(nn),HL,0,0,1,0,0,0,1,0,00100010,Y,Y,Y,Y - No Displacment,N
,23,35,INC,HL,,0,0,1,0,0,0,1,1,00100011,N,Y,N,Y - No Displacment,N
,24,36,INC,H,,0,0,1,0,0,1,0,0,00100100,N,Y,N,X,N
,25,37,DEC,H,,0,0,1,0,0,1,0,1,00100101,N,Y,N,X,N
,26,38,LD,H,n,0,0,1,0,0,1,1,0,00100110,Y,Y,N,X,N
,27,39,DAA,,,0,0,1,0,0,1,1,1,00100111,N,Y,N,N,N
,28,40,JR,Z,e-2,0,0,1,0,1,0,0,0,00101000,Y,Y,Y,N,N
,29,41,ADD,HL,HL,0,0,1,0,1,0,0,1,00101001,N,Y,N,Y - No Displacment,N
,2A,42,LD,HL,(nn),0,0,1,0,1,0,1,0,00101010,Y,Y,Y,Y - No Displacment,N
,2B,43,DEC,HL,,0,0,1,0,1,0,1,1,00101011,N,Y,N,Y - No Displacment,N
,2C,44,INC,L,,0,0,1,0,1,1,0,0,00101100,N,Y,N,X,N
,2D,45,DEC,L,,0,0,1,0,1,1,0,1,00101101,N,Y,N,X,N
,2E,46,LD,L,n,0,0,1,0,1,1,1,0,00101110,Y,Y,N,X,N
,2F,47,CPL,,,0,0,1,0,1,1,1,1,00101111,N,Y,N,N,N
,30,48,JR,NC,e-2,0,0,1,1,0,0,0,0,00110000,Y,Y,Y,N,N
,31,49,LD,SP,nn,0,0,1,1,0,0,0,1,00110001,Y,Y,N,N,N
,32,50,LD,(nn),A,0,0,1,1,0,0,1,0,00110010,Y,Y,Y,N,N
,33,51,INC,SP,,0,0,1,1,0,0,1,1,00110011,N,Y,N,N,N
,34,52,INC,(HL),,0,0,1,1,0,1,0,0,00110100,N,Y,Y,Y,N
,35,53,DEC,(HL),,0,0,1,1,0,1,0,1,00110101,N,Y,Y,Y,N
,36,54,LD,(HL),n,0,0,1,1,0,1,1,0,00110110,Y,Y,Y,Y,N
,37,55,SCF,,,0,0,1,1,0,1,1,1,00110111,N,Y,N,N,N
,38,56,JR,CY,e-2,0,0,1,1,1,0,0,0,00111000,Y,Y,Y,N,N
,39,57,ADD,HL,SP,0,0,1,1,1,0,0,1,00111001,N,Y,N,Y - No Displacment,N
,3A,58,LD,A,(nn),0,0,1,1,1,0,1,0,00111010,Y,Y,Y,N,N
,3B,59,DEC,SP,,0,0,1,1,1,0,1,1,00111011,N,Y,N,N,N
,3C,60,INC,A,,0,0,1,1,1,1,0,0,00111100,N,Y,N,N,N
,3D,61,DEC,A,,0,0,1,1,1,1,0,1,00111101,N,Y,N,N,N
,3E,62,LD,A,n,0,0,1,1,1,1,1,0,00111110,Y,Y,N,N,N
,3F,63,CCF,,,0,0,1,1,1,1,1,1,00111111,N,Y,N,N,N
,40,64,LD,B,B,0,1,0,0,0,0,0,0,01000000,N,Y,N,N,N
,41,65,LD,B,C,0,1,0,0,0,0,0,1,01000001,N,Y,N,N,N
,42,66,LD,B,D,0,1,0,0,0,0,1,0,01000010,N,Y,N,N,N
,43,67,LD,B,E,0,1,0,0,0,0,1,1,01000011,N,Y,N,N,N
,44,68,LD,B,H,0,1,0,0,0,1,0,0,01000100,N,Y,N,X,N
,45,69,LD,B,L,0,1,0,0,0,1,0,1,01000101,N,Y,N,X,N
,46,70,LD,B,(HL),0,1,0,0,0,1,1,0,01000110,N,Y,Y,Y,N
,47,71,LD,B,A,0,1,0,0,0,1,1,1,01000111,N,Y,N,N,N
,48,72,LD,C,B,0,1,0,0,1,0,0,0,01001000,N,Y,N,N,N
,49,73,LD,C,C,0,1,0,0,1,0,0,1,01001001,N,Y,N,N,N
,4A,74,LD,C,D,0,1,0,0,1,0,1,0,01001010,N,Y,N,N,N
,4B,75,LD,C,E,0,1,0,0,1,0,1,1,01001011,N,Y,N,N,N
,4C,76,LD,C,H,0,1,0,0,1,1,0,0,01001100,N,Y,N,X,N
,4D,77,LD,C,L,0,1,0,0,1,1,0,1,01001101,N,Y,N,X,N
,4E,78,LD,C,(HL),0,1,0,0,1,1,1,0,01001110,N,Y,Y,Y,N
,4F,79,LD,C,A,0,1,0,0,1,1,1,1,01001111,N,Y,N,N,N
,50,80,LD,D,B,0,1,0,1,0,0,0,0,01010000,N,Y,N,N,N
,51,81,LD,D,C,0,1,0,1,0,0,0,1,01010001,N,Y,N,N,N
,52,82,LD,D,D,0,1,0,1,0,0,1,0,01010010,N,Y,N,N,N
,53,83,LD,D,E,0,1,0,1,0,0,1,1,01010011,N,Y,N,N,N
,54,84,LD,D,H,0,1,0,1,0,1,0,0,01010100,N,Y,N,X,N
,55,85,LD,D,L,0,1,0,1,0,1,0,1,01010101,N,Y,N,X,N
,56,86,LD,D,(HL),0,1,0,1,0,1,1,0,01010110,N,Y,Y,Y,N
,57,87,LD,D,A,0,1,0,1,0,1,1,1,01010111,N,Y,N,N,N
,58,88,LD,E,B,0,1,0,1,1,0,0,0,01011000,N,Y,N,N,N
,59,89,LD,E,C,0,1,0,1,1,0,0,1,01011001,N,Y,N,N,N
,5A,90,LD,E,D,0,1,0,1,1,0,1,0,01011010,N,Y,N,N,N
,5B,91,LD,E,E,0,1,0,1,1,0,1,1,01011011,N,Y,N,N,N
,5C,92,LD,E,H,0,1,0,1,1,1,0,0,01011100,N,Y,N,X,N
,5D,93,LD,E,L,0,1,0,1,1,1,0,1,01011101,N,Y,N,X,N
,5E,94,LD,E,(HL),0,1,0,1,1,1,1,0,01011110,N,Y,Y,Y,N
,5F,95,LD,E,A,0,1,0,1,1,1,1,1,01011111,N,Y,N,N,N
,60,96,LD,H,B,0,1,1,0,0,0,0,0,01100000,N,Y,N,X,N
,61,97,LD,H,C,0,1,1,0,0,0,0,1,01100001,N,Y,N,X,N
,62,98,LD,H,D,0,1,1,0,0,0,1,0,01100010,N,Y,N,X,N
,63,99,LD,H,E,0,1,1,0,0,0,1,1,01100011,N,Y,N,X,N
,64,100,LD,H,H,0,1,1,0,0,1,0,0,01100100,N,Y,N,X,N
,65,101,LD,H,L,0,1,1,0,0,1,0,1,01100101,N,Y,N,X,N
,66,102,LD,H,(HL),0,1,1,0,0,1,1,0,01100110,N,Y,Y,Y,N
,67,103,LD,H,A,0,1,1,0,0,1,1,1,01100111,N,Y,N,X,N
,68,104,LD,L,B,0,1,1,0,1,0,0,0,01101000,N,Y,N,X,N
,69,105,LD,L,C,0,1,1,0,1,0,0,1,01101001,N,Y,N,X,N
,6A,106,LD,L,D,0,1,1,0,1,0,1,0,01101010,N,Y,N,X,N
,6B,107,LD,L,E,0,1,1,0,1,0,1,1,01101011,N,Y,N,X,N
,6C,108,LD,L,H,0,1,1,0,1,1,0,0,01101100,N,Y,N,X,N
,6D,109,LD,L,L,0,1,1,0,1,1,0,1,01101101,N,Y,N,X,N
,6E,110,LD,L,(HL),0,1,1,0,1,1,1,0,01101110,N,Y,Y,Y,N
,6F,111,LD,L,A,0,1,1,0,1,1,1,1,01101111,N,Y,N,X,N
,70,112,LD,(HL),B,0,1,1,1,0,0,0,0,01110000,N,Y,Y,Y,N
,71,113,LD,(HL),C,0,1,1,1,0,0,0,1,01110001,N,Y,Y,Y,N
,72,114,LD,(HL),D,0,1,1,1,0,0,1,0,01110010,N,Y,Y,Y,N
,73,115,LD,(HL),E,0,1,1,1,0,0,1,1,01110011,N,Y,Y,Y,N
,74,116,LD,(HL),H,0,1,1,1,0,1,0,0,01110100,N,Y,Y,Y,N
,75,117,LD,(HL),L,0,1,1,1,0,1,0,1,01110101,N,Y,Y,Y,N
,76,118,HALT,,,0,1,1,1,0,1,1,0,01110110,N,Y,N,N,N
,77,119,LD,(HL),A,0,1,1,1,0,1,1,1,01110111,N,Y,Y,Y,N
,78,120,LD,A,B,0,1,1,1,1,0,0,0,01111000,N,Y,N,N,N
,79,121,LD,A,C,0,1,1,1,1,0,0,1,01111001,N,Y,N,N,N
,7A,122,LD,A,D,0,1,1,1,1,0,1,0,01111010,N,Y,N,N,N
,7B,123,LD,A,E,0,1,1,1,1,0,1,1,01111011,N,Y,N,N,N
,7C,124,LD,A,H,0,1,1,1,1,1,0,0,01111100,N,Y,N,X,N
,7D,125,LD,A,L,0,1,1,1,1,1,0,1,01111101,N,Y,N,X,N
,7E,126,LD,A,(HL),0,1,1,1,1,1,1,0,01111110,N,Y,Y,Y,N
,7F,127,LD,A,A,0,1,1,1,1,1,1,1,01111111,N,Y,N,N,N
,80,128,ADD,A,B,1,0,0,0,0,0,0,0,10000000,N,Y,N,N,Y
,81,129,ADD,A,C,1,0,0,0,0,0,0,1,10000001,N,Y,N,N,Y
,82,130,ADD,A,D,1,0,0,0,0,0,1,0,10000010,N,Y,N,N,Y
,83,131,ADD,A,E,1,0,0,0,0,0,1,1,10000011,N,Y,N,N,Y
,84,132,ADD,A,H,1,0,0,0,0,1,0,0,10000100,N,Y,N,X,Y
,85,133,ADD,A,L,1,0,0,0,0,1,0,1,10000101,N,Y,N,X,Y
,86,134,ADD,A,(HL),1,0,0,0,0,1,1,0,10000110,N,Y,Y,Y,Y
,87,135,ADD,A,A,1,0,0,0,0,1,1,1,10000111,N,Y,N,N,Y
,88,136,ADC,A,B,1,0,0,0,1,0,0,0,10001000,N,Y,N,N,Y
,89,137,ADC,A,C,1,0,0,0,1,0,0,1,10001001,N,Y,N,N,Y
,8A,138,ADC,A,D,1,0,0,0,1,0,1,0,10001010,N,Y,N,N,Y
,8B,139,ADC,A,E,1,0,0,0,1,0,1,1,10001011,N,Y,N,N,Y
,8C,140,ADC,A,H,1,0,0,0,1,1,0,0,10001100,N,Y,N,X,Y
,8D,141,ADC,A,L,1,0,0,0,1,1,0,1,10001101,N,Y,N,X,Y
,8E,142,ADC,A,(HL),1,0,0,0,1,1,1,0,10001110,N,Y,Y,Y,Y
,8F,143,ADC,A,A,1,0,0,0,1,1,1,1,10001111,N,Y,N,N,Y
,90,144,SUB,A,B,1,0,0,1,0,0,0,0,10010000,N,Y,N,N,Y
,91,145,SUB,A,C,1,0,0,1,0,0,0,1,10010001,N,Y,N,N,Y
,92,146,SUB,A,D,1,0,0,1,0,0,1,0,10010010,N,Y,N,N,Y
,93,147,SUB,A,E,1,0,0,1,0,0,1,1,10010011,N,Y,N,N,Y
,94,148,SUB,A,H,1,0,0,1,0,1,0,0,10010100,N,Y,N,X,Y
,95,149,SUB,A,L,1,0,0,1,0,1,0,1,10010101,N,Y,N,X,Y
,96,150,SUB,A,(HL),1,0,0,1,0,1,1,0,10010110,N,Y,Y,Y,Y
,97,151,SUB,A,A,1,0,0,1,0,1,1,1,10010111,N,Y,N,N,Y
,98,152,SBC,A,B,1,0,0,1,1,0,0,0,10011000,N,Y,N,N,Y
,99,153,SBC,A,C,1,0,0,1,1,0,0,1,10011001,N,Y,N,N,Y
,9A,154,SBC,A,D,1,0,0,1,1,0,1,0,10011010,N,Y,N,N,Y
,9B,155,SBC,A,E,1,0,0,1,1,0,1,1,10011011,N,Y,N,N,Y
,9C,156,SBC,A,H,1,0,0,1,1,1,0,0,10011100,N,Y,N,X,Y
,9D,157,SBC,A,L,1,0,0,1,1,1,0,1,10011101,N,Y,N,X,Y
,9E,158,SBC,A,(HL),1,0,0,1,1,1,1,0,10011110,N,Y,Y,Y,Y
,9F,159,SBC,A,A,1,0,0,1,1,1,1,1,10011111,N,Y,N,N,Y
,A0,160,AND,A,B,1,0,1,0,0,0,0,0,10100000,N,Y,N,N,Y
,A1,161,AND,A,C,1,0,1,0,0,0,0,1,10100001,N,Y,N,N,Y
,A2,162,AND,A,D,1,0,1,0,0,0,1,0,10100010,N,Y,N,N,Y
,A3,163,AND,A,E,1,0,1,0,0,0,1,1,10100011,N,Y,N,N,Y
,A4,164,AND,A,H,1,0,1,0,0,1,0,0,10100100,N,Y,N,X,Y
,A5,165,AND,A,L,1,0,1,0,0,1,0,1,10100101,N,Y,N,X,Y
,A6,166,AND,A,(HL),1,0,1,0,0,1,1,0,10100110,N,Y,Y,Y,Y
,A7,167,AND,A,A,1,0,1,0,0,1,1,1,10100111,N,Y,N,N,Y
,A8,168,XOR,A,B,1,0,1,0,1,0,0,0,10101000,N,Y,N,N,Y
,A9,169,XOR,A,C,1,0,1,0,1,0,0,1,10101001,N,Y,N,N,Y
,AA,170,XOR,A,D,1,0,1,0,1,0,1,0,10101010,N,Y,N,N,Y
,AB,171,XOR,A,E,1,0,1,0,1,0,1,1,10101011,N,Y,N,N,Y
,AC,172,XOR,A,H,1,0,1,0,1,1,0,0,10101100,N,Y,N,X,Y
,AD,173,XOR,A,L,1,0,1,0,1,1,0,1,10101101,N,Y,N,X,Y
,AE,174,XOR,A,(HL),1,0,1,0,1,1,1,0,10101110,N,Y,Y,Y,Y
,AF,175,XOR,A,A,1,0,1,0,1,1,1,1,10101111,N,Y,N,N,Y
,B0,176,OR,A,B,1,0,1,1,0,0,0,0,10110000,N,Y,N,N,Y
,B1,177,OR,A,C,1,0,1,1,0,0,0,1,10110001,N,Y,N,N,Y
,B2,178,OR,A,D,1,0,1,1,0,0,1,0,10110010,N,Y,N,N,Y
,B3,179,OR,A,E,1,0,1,1,0,0,1,1,10110011,N,Y,N,N,Y
,B4,180,OR,A,H,1,0,1,1,0,1,0,0,10110100,N,Y,N,X,Y
,B5,181,OR,A,L,1,0,1,1,0,1,0,1,10110101,N,Y,N,X,Y
,B6,182,OR,A,(HL),1,0,1,1,0,1,1,0,10110110,N,Y,Y,Y,Y
,B7,183,OR,A,A,1,0,1,1,0,1,1,1,10110111,N,Y,N,N,Y
,B8,184,CP,A,B,1,0,1,1,1,0,0,0,10111000,N,Y,N,N,Y
,B9,185,CP,A,C,1,0,1,1,1,0,0,1,10111001,N,Y,N,N,Y
,BA,186,CP,A,D,1,0,1,1,1,0,1,0,10111010,N,Y,N,N,Y
,BB,187,CP,A,E,1,0,1,1,1,0,1,1,10111011,N,Y,N,N,Y
,BC,188,CP,A,H,1,0,1,1,1,1,0,0,10111100,N,Y,N,X,Y
,BD,189,CP,A,L,1,0,1,1,1,1,0,1,10111101,N,Y,N,X,Y
,BE,190,CP,A,(HL),1,0,1,1,1,1,1,0,10111110,N,Y,Y,Y,Y
,BF,191,CP,A,A,1,0,1,1,1,1,1,1,10111111,N,Y,N,N,Y
,C0,192,RET,NZ,,1,1,0,0,0,0,0,0,11000000,N,Y,N,N,N
,C1,193,POP,BC,,1,1,0,0,0,0,0,1,11000001,N,Y,N,N,N
,C2,194,JP,NZ,nn,1,1,0,0,0,0,1,0,11000010,Y,Y,N,N,N
,C3,195,JP,nn,,1,1,0,0,0,0,1,1,11000011,Y,Y,N,N,N
,C4,196,CALL,NZ,nn,1,1,0,0,0,1,0,0,11000100,Y,Y,Y,N,N
,C5,197,PUSH,BC,,1,1,0,0,0,1,0,1,11000101,N,Y,N,N,N
,C6,198,ADD,A,n,1,1,0,0,0,1,1,0,11000110,Y,Y,N,N,Y
,C7,199,RST,0H,,1,1,0,0,0,1,1,1,11000111,N,Y,N,N,N
,C8,200,RET,Z,,1,1,0,0,1,0,0,0,11001000,N,Y,N,N,N
,C9,201,RET,,,1,1,0,0,1,0,0,1,11001001,N,Y,N,N,N
,CA,202,JP,Z,nn,1,1,0,0,1,0,1,0,11001010,Y,Y,N,N,N
,CC,204,CALL,Z,nn,1,1,0,0,1,1,0,0,11001100,Y,Y,Y,N,N
,CD,205,CALL,nn,,1,1,0,0,1,1,0,1,11001101,Y,Y,Y,N,N
,CE,206,ADC,A,n,1,1,0,0,1,1,1,0,11001110,Y,Y,N,N,Y
,CF,207,RST,8H,,1,1,0,0,1,1,1,1,11001111,N,Y,N,N,N
,D0,208,RET,NC,,1,1,0,1,0,0,0,0,11010000,N,Y,N,N,N
,D1,209,POP,DE,,1,1,0,1,0,0,0,1,11010001,N,Y,N,N,N
,D2,210,JP,NC,nn,1,1,0,1,0,0,1,0,11010010,Y,Y,N,N,N
,D3,211,OUT,(n),A,1,1,0,1,0,0,1,1,11010011,Y,Y,N,N,Y
,D4,212,CALL,NC,nn,1,1,0,1,0,1,0,0,11010100,Y,Y,Y,N,N
,D5,213,PUSH,DE,,1,1,0,1,0,1,0,1,11010101,N,Y,N,N,N
,D6,214,SUB,A,n,1,1,0,1,0,1,1,0,11010110,N,Y,N,N,Y
,D7,215,RST,10H,,1,1,0,1,0,1,1,1,11010111,N,Y,N,N,N
,D8,216,RET,CY,,1,1,0,1,1,0,0,0,11011000,N,Y,N,N,N
,D9,217,EXX,,,1,1,0,1,1,0,0,1,11011001,N,Y,N,N,N
,DA,218,JP,CY,nn,1,1,0,1,1,0,1,0,11011010,Y,Y,N,N,N
,DB,219,IN,A,(n),1,1,0,1,1,0,1,1,11011011,Y,Y,N,N,Y
,DC,220,CALL,CY,nn,1,1,0,1,1,1,0,0,11011100,Y,Y,Y,N,N
,DE,222,SBC,A,n,1,1,0,1,1,1,1,0,11011110,Y,Y,N,N,Y
,DF,223,RST,18H,,1,1,0,1,1,1,1,1,11011111,N,Y,N,N,N
,E0,224,RET,PO,,1,1,1,0,0,0,0,0,11100000,N,Y,N,N,N
,E1,225,POP,HL,,1,1,1,0,0,0,0,1,11100001,N,Y,N,Y - No Displacment,N
,E2,226,JP,PO,nn,1,1,1,0,0,0,1,0,11100010,Y,Y,N,N,N
,E3,227,EX,(SP),HL,1,1,1,0,0,0,1,1,11100011,N,Y,Y,Y - No Displacment,N
,E4,228,CALL,PO,nn,1,1,1,0,0,1,0,0,11100100,Y,Y,Y,N,N
,E5,229,PUSH,HL,,1,1,1,0,0,1,0,1,11100101,N,Y,N,Y - No Displacment,N
,E6,230,AND,A,n,1,1,1,0,0,1,1,0,11100110,N,Y,N,N,Y
,E7,231,RST,20H,,1,1,1,0,0,1,1,1,11100111,N,Y,N,N,N
,E8,232,RET,PE,,1,1,1,0,1,0,0,0,11101000,N,Y,N,N,N
,E9,233,JP,(HL),,1,1,1,0,1,0,0,1,11101001,N,Y,N,Y - No Displacment,N
,EA,234,JP,PE,nn,1,1,1,0,1,0,1,0,11101010,Y,Y,N,N,N
,EB,235,EX,DE,HL,1,1,1,0,1,0,1,1,11101011,N,Y,N,N,N
,EC,236,CALL,PE,nn,1,1,1,0,1,1,0,0,11101100,Y,Y,Y,N,N
,EE,238,XOR,A,n,1,1,1,0,1,1,1,0,11101110,N,Y,N,N,Y
,EF,239,RST,28H,,1,1,1,0,1,1,1,1,11101111,N,Y,N,N,N
,F0,240,RET,P,,1,1,1,1,0,0,0,0,11110000,N,Y,N,N,N
,F1,241,POP,AF,,1,1,1,1,0,0,0,1,11110001,N,Y,N,N,N
,F2,242,JP,P,nn,1,1,1,1,0,0,1,0,11110010,Y,Y,N,N,N
,F3,243,DI,,,1,1,1,1,0,0,1,1,11110011,N,Y,N,N,N
,F4,244,CALL,P,nn,1,1,1,1,0,1,0,0,11110100,Y,Y,Y,N,N
,F5,245,PUSH,AF,,1,1,1,1,0,1,0,1,11110101,N,Y,N,N,N
,F6,246,OR,A,n,1,1,1,1,0,1,1,0,11110110,N,Y,N,N,Y
,F7,247,RST,30H,,1,1,1,1,0,1,1,1,11110111,N,Y,N,N,N
,F8,248,RET,M,,1,1,1,1,1,0,0,0,11111000,N,Y,N,N,N
,F9,249,LD,SP,HL,1,1,1,1,1,0,0,1,11111001,N,Y,N,Y - No Displacment,N
,FA,250,JP,M,nn,1,1,1,1,1,0,1,0,11111010,Y,Y,N,N,N
,FB,251,EI,,,1,1,1,1,1,0,1,1,11111011,N,Y,N,N,N
,FC,252,CALL,M,nn,1,1,1,1,1,1,0,0,11111100,Y,Y,Y,N,N
,FE,254,CP,A,n,1,1,1,1,1,1,1,0,11111110,Y,Y,N,N,Y
,FF,255,RST,38H,,1,1,1,1,1,1,1,1,11111111,N,Y,N,N,N
CB,0,203000,RLC,B,,0,0,0,0,0,0,0,0,00000000,N,Y,N,N,N
CB,1,203001,RLC,C,,0,0,0,0,0,0,0,1,00000001,N,Y,N,N,N
CB,2,203002,RLC,D,,0,0,0,0,0,0,1,0,00000010,N,Y,N,N,N
CB,3,203003,RLC,E,,0,0,0,0,0,0,1,1,00000011,N,Y,N,N,N
CB,4,203004,RLC,H,,0,0,0,0,0,1,0,0,00000100,N,Y,N,N,N
CB,5,203005,RLC,L,,0,0,0,0,0,1,0,1,00000101,N,Y,N,N,N
CB,6,203006,RLC,(HL),,0,0,0,0,0,1,1,0,00000110,N,Y,Y,N,N
CB,7,203007,RLC,A,,0,0,0,0,0,1,1,1,00000111,N,Y,N,N,N
CB,8,203008,RRC,B,,0,0,0,0,1,0,0,0,00001000,N,Y,N,N,N
CB,9,203009,RRC,C,,0,0,0,0,1,0,0,1,00001001,N,Y,N,N,N
CB,0A,203010,RRC,D,,0,0,0,0,1,0,1,0,00001010,N,Y,N,N,N
CB,0B,203011,RRC,E,,0,0,0,0,1,0,1,1,00001011,N,Y,N,N,N
CB,0C,203012,RRC,H,,0,0,0,0,1,1,0,0,00001100,N,Y,N,N,N
CB,0D,203013,RRC,L,,0,0,0,0,1,1,0,1,00001101,N,Y,N,N,N
CB,0E,203014,RRC,(HL),,0,0,0,0,1,1,1,0,00001110,N,Y,Y,N,N
CB,0F,203015,RRC,A,,0,0,0,0,1,1,1,1,00001111,N,Y,N,N,N
CB,10,203016,RL,B,,0,0,0,1,0,0,0,0,00010000,N,Y,N,N,N
CB,11,203017,RL,C,,0,0,0,1,0,0,0,1,00010001,N,Y,N,N,N
CB,12,203018,RL,D,,0,0,0,1,0,0,1,0,00010010,N,Y,N,N,N
CB,13,203019,RL,E,,0,0,0,1,0,0,1,1,00010011,N,Y,N,N,N
CB,14,203020,RL,H,,0,0,0,1,0,1,0,0,00010100,N,Y,N,N,N
CB,15,203021,RL,L,,0,0,0,1,0,1,0,1,00010101,N,Y,N,N,N
CB,16,203022,RL,(HL),,0,0,0,1,0,1,1,0,00010110,N,Y,Y,N,N
CB,17,203023,RL,A,,0,0,0,1,0,1,1,1,00010111,N,Y,N,N,N
CB,18,203024,RR,B,,0,0,0,1,1,0,0,0,00011000,N,Y,N,N,N
CB,19,203025,RR,C,,0,0,0,1,1,0,0,1,00011001,N,Y,N,N,N
CB,1A,203026,RR,D,,0,0,0,1,1,0,1,0,00011010,N,Y,N,N,N
CB,1B,203027,RR,E,,0,0,0,1,1,0,1,1,00011011,N,Y,N,N,N
CB,1C,203028,RR,H,,0,0,0,1,1,1,0,0,00011100,N,Y,N,N,N
CB,1D,203029,RR,L,,0,0,0,1,1,1,0,1,00011101,N,Y,N,N,N
CB,1E,203030,RR,(HL),,0,0,0,1,1,1,1,0,00011110,N,Y,Y,N,N
CB,1F,203031,RR,A,,0,0,0,1,1,1,1,1,00011111,N,Y,N,N,N
CB,20,203032,SLA,B,,0,0,1,0,0,0,0,0,00100000,N,Y,N,N,N
CB,21,203033,SLA,C,,0,0,1,0,0,0,0,1,00100001,N,Y,N,N,N
CB,22,203034,SLA,D,,0,0,1,0,0,0,1,0,00100010,N,Y,N,N,N
CB,23,203035,SLA,E,,0,0,1,0,0,0,1,1,00100011,N,Y,N,N,N
CB,24,203036,SLA,H,,0,0,1,0,0,1,0,0,00100100,N,Y,N,N,N
CB,25,203037,SLA,L,,0,0,1,0,0,1,0,1,00100101,N,Y,N,N,N
CB,26,203038,SLA,(HL),,0,0,1,0,0,1,1,0,00100110,N,Y,Y,N,N
CB,27,203039,SLA,A,,0,0,1,0,0,1,1,1,00100111,N,Y,N,N,N
CB,28,203040,SRA,B,,0,0,1,0,1,0,0,0,00101000,N,Y,N,N,N
CB,29,203041,SRA,C,,0,0,1,0,1,0,0,1,00101001,N,Y,N,N,N
CB,2A,203042,SRA,D,,0,0,1,0,1,0,1,0,00101010,N,Y,N,N,N
CB,2B,203043,SRA,E,,0,0,1,0,1,0,1,1,00101011,N,Y,N,N,N
CB,2C,203044,SRA,H,,0,0,1,0,1,1,0,0,00101100,N,Y,N,N,N
CB,2D,203045,SRA,L,,0,0,1,0,1,1,0,1,00101101,N,Y,N,N,N
CB,2E,203046,SRA,(HL),,0,0,1,0,1,1,1,0,00101110,N,Y,Y,N,N
CB,2F,203047,SRA,A,,0,0,1,0,1,1,1,1,00101111,N,Y,N,N,N
CB,30,203048,SLL,B,,0,0,1,1,0,0,0,0,00110000,N,X,N,N,N
CB,31,203049,SLL,C,,0,0,1,1,0,0,0,1,00110001,N,X,N,N,N
CB,32,203050,SLL,D,,0,0,1,1,0,0,1,0,00110010,N,X,N,N,N
CB,33,203051,SLL,E,,0,0,1,1,0,0,1,1,00110011,N,X,N,N,N
CB,34,203052,SLL,H,,0,0,1,1,0,1,0,0,00110100,N,X,N,N,N
CB,35,203053,SLL,L,,0,0,1,1,0,1,0,1,00110101,N,X,N,N,N
CB,36,203054,SLL,(HL),,0,0,1,1,0,1,1,0,00110110,N,X,Y,N,N
CB,37,203055,SLL,A,,0,0,1,1,0,1,1,1,00110111,N,X,N,N,N
CB,38,203056,SRL,B,,0,0,1,1,1,0,0,0,00111000,N,Y,N,N,N
CB,39,203057,SRL,C,,0,0,1,1,1,0,0,1,00111001,N,Y,N,N,N
CB,3A,203058,SRL,D,,0,0,1,1,1,0,1,0,00111010,N,Y,N,N,N
CB,3B,203059,SRL,E,,0,0,1,1,1,0,1,1,00111011,N,Y,N,N,N
CB,3C,203060,SRL,H,,0,0,1,1,1,1,0,0,00111100,N,Y,N,N,N
CB,3D,203061,SRL,L,,0,0,1,1,1,1,0,1,00111101,N,Y,N,N,N
CB,3E,203062,SRL,(HL),,0,0,1,1,1,1,1,0,00111110,N,Y,Y,N,N
CB,3F,203063,SRL,A,,0,0,1,1,1,1,1,1,00111111,N,Y,N,N,N
CB,40,203064,BIT,0,B,0,1,0,0,0,0,0,0,01000000,N,Y,N,N,N
CB,41,203065,BIT,0,C,0,1,0,0,0,0,0,1,01000001,N,Y,N,N,N
CB,42,203066,BIT,0,D,0,1,0,0,0,0,1,0,01000010,N,Y,N,N,N
CB,43,203067,BIT,0,E,0,1,0,0,0,0,1,1,01000011,N,Y,N,N,N
CB,44,203068,BIT,0,H,0,1,0,0,0,1,0,0,01000100,N,Y,N,N,N
CB,45,203069,BIT,0,L,0,1,0,0,0,1,0,1,01000101,N,Y,N,N,N
CB,46,203070,BIT,0,(HL),0,1,0,0,0,1,1,0,01000110,N,Y,Y,N,N
CB,47,203071,BIT,0,A,0,1,0,0,0,1,1,1,01000111,N,Y,N,N,N
CB,48,203072,BIT,1,B,0,1,0,0,1,0,0,0,01001000,N,Y,N,N,N
CB,49,203073,BIT,1,C,0,1,0,0,1,0,0,1,01001001,N,Y,N,N,N
CB,4A,203074,BIT,1,D,0,1,0,0,1,0,1,0,01001010,N,Y,N,N,N
CB,4B,203075,BIT,1,E,0,1,0,0,1,0,1,1,01001011,N,Y,N,N,N
CB,4C,203076,BIT,1,H,0,1,0,0,1,1,0,0,01001100,N,Y,N,N,N
CB,4D,203077,BIT,1,L,0,1,0,0,1,1,0,1,01001101,N,Y,N,N,N
CB,4E,203078,BIT,1,(HL),0,1,0,0,1,1,1,0,01001110,N,Y,Y,N,N
CB,4F,203079,BIT,1,A,0,1,0,0,1,1,1,1,01001111,N,Y,N,N,N
CB,50,203080,BIT,2,B,0,1,0,1,0,0,0,0,01010000,N,Y,N,N,N
CB,51,203081,BIT,2,C,0,1,0,1,0,0,0,1,01010001,N,Y,N,N,N
CB,52,203082,BIT,2,D,0,1,0,1,0,0,1,0,01010010,N,Y,N,N,N
CB,53,203083,BIT,2,E,0,1,0,1,0,0,1,1,01010011,N,Y,N,N,N
CB,54,203084,BIT,2,H,0,1,0,1,0,1,0,0,01010100,N,Y,N,N,N
CB,55,203085,BIT,2,L,0,1,0,1,0,1,0,1,01010101,N,Y,N,N,N
CB,56,203086,BIT,2,(HL),0,1,0,1,0,1,1,0,01010110,N,Y,Y,N,N
CB,57,203087,BIT,2,A,0,1,0,1,0,1,1,1,01010111,N,Y,N,N,N
CB,58,203088,BIT,3,B,0,1,0,1,1,0,0,0,01011000,N,Y,N,N,N
CB,59,203089,BIT,3,C,0,1,0,1,1,0,0,1,01011001,N,Y,N,N,N
CB,5A,203090,BIT,3,D,0,1,0,1,1,0,1,0,01011010,N,Y,N,N,N
CB,5B,203091,BIT,3,E,0,1,0,1,1,0,1,1,01011011,N,Y,N,N,N
CB,5C,203092,BIT,3,H,0,1,0,1,1,1,0,0,01011100,N,Y,N,N,N
CB,5D,203093,BIT,3,L,0,1,0,1,1,1,0,1,01011101,N,Y,N,N,N
CB,5E,203094,BIT,3,(HL),0,1,0,1,1,1,1,0,01011110,N,Y,Y,N,N
CB,5F,203095,BIT,3,A,0,1,0,1,1,1,1,1,01011111,N,Y,N,N,N
CB,60,203096,BIT,4,B,0,1,1,0,0,0,0,0,01100000,N,Y,N,N,N
CB,61,203097,BIT,4,C,0,1,1,0,0,0,0,1,01100001,N,Y,N,N,N
CB,62,203098,BIT,4,D,0,1,1,0,0,0,1,0,01100010,N,Y,N,N,N
CB,63,203099,BIT,4,E,0,1,1,0,0,0,1,1,01100011,N,Y,N,N,N
CB,64,203100,BIT,4,H,0,1,1,0,0,1,0,0,01100100,N,Y,N,N,N
CB,65,203101,BIT,4,L,0,1,1,0,0,1,0,1,01100101,N,Y,N,N,N
CB,66,203102,BIT,4,(HL),0,1,1,0,0,1,1,0,01100110,N,Y,Y,N,N
CB,67,203103,BIT,4,A,0,1,1,0,0,1,1,1,01100111,N,Y,N,N,N
CB,68,203104,BIT,5,B,0,1,1,0,1,0,0,0,01101000,N,Y,N,N,N
CB,69,203105,BIT,5,C,0,1,1,0,1,0,0,1,01101001,N,Y,N,N,N
CB,6A,203106,BIT,5,D,0,1,1,0,1,0,1,0,01101010,N,Y,N,N,N
CB,6B,203107,BIT,5,E,0,1,1,0,1,0,1,1,01101011,N,Y,N,N,N
CB,6C,203108,BIT,5,H,0,1,1,0,1,1,0,0,01101100,N,Y,N,N,N
CB,6D,203109,BIT,5,L,0,1,1,0,1,1,0,1,01101101,N,Y,N,N,N
CB,6E,203110,BIT,5,(HL),0,1,1,0,1,1,1,0,01101110,N,Y,Y,N,N
CB,6F,203111,BIT,5,A,0,1,1,0,1,1,1,1,01101111,N,Y,N,N,N
CB,70,203112,BIT,6,B,0,1,1,1,0,0,0,0,01110000,N,Y,N,N,N
CB,71,203113,BIT,6,C,0,1,1,1,0,0,0,1,01110001,N,Y,N,N,N
CB,72,203114,BIT,6,D,0,1,1,1,0,0,1,0,01110010,N,Y,N,N,N
CB,73,203115,BIT,6,E,0,1,1,1,0,0,1,1,01110011,N,Y,N,N,N
CB,74,203116,BIT,6,H,0,1,1,1,0,1,0,0,01110100,N,Y,N,N,N
CB,75,203117,BIT,6,L,0,1,1,1,0,1,0,1,01110101,N,Y,N,N,N
CB,76,203118,BIT,6,(HL),0,1,1,1,0,1,1,0,01110110,N,Y,Y,N,N
CB,77,203119,BIT,6,A,0,1,1,1,0,1,1,1,01110111,N,Y,N,N,N
CB,78,203120,BIT,7,B,0,1,1,1,1,0,0,0,01111000,N,Y,N,N,N
CB,79,203121,BIT,7,C,0,1,1,1,1,0,0,1,01111001,N,Y,N,N,N
CB,7A,203122,BIT,7,D,0,1,1,1,1,0,1,0,01111010,N,Y,N,N,N
CB,7B,203123,BIT,7,E,0,1,1,1,1,0,1,1,01111011,N,Y,N,N,N
CB,7C,203124,BIT,7,H,0,1,1,1,1,1,0,0,01111100,N,Y,N,N,N
CB,7D,203125,BIT,7,L,0,1,1,1,1,1,0,1,01111101,N,Y,N,N,N
CB,7E,203126,BIT,7,(HL),0,1,1,1,1,1,1,0,01111110,N,Y,Y,N,N
CB,7F,203127,BIT,7,A,0,1,1,1,1,1,1,1,01111111,N,Y,N,N,N
CB,80,203128,RES,0,B,1,0,0,0,0,0,0,0,10000000,N,Y,N,N,N
CB,81,203129,RES,0,C,1,0,0,0,0,0,0,1,10000001,N,Y,N,N,N
CB,82,203130,RES,0,D,1,0,0,0,0,0,1,0,10000010,N,Y,N,N,N
CB,83,203131,RES,0,E,1,0,0,0,0,0,1,1,10000011,N,Y,N,N,N
CB,84,203132,RES,0,H,1,0,0,0,0,1,0,0,10000100,N,Y,N,N,N
CB,85,203133,RES,0,L,1,0,0,0,0,1,0,1,10000101,N,Y,N,N,N
CB,86,203134,RES,0,(HL),1,0,0,0,0,1,1,0,10000110,N,Y,Y,N,N
CB,87,203135,RES,0,A,1,0,0,0,0,1,1,1,10000111,N,Y,N,N,N
CB,88,203136,RES,1,B,1,0,0,0,1,0,0,0,10001000,N,Y,N,N,N
CB,89,203137,RES,1,C,1,0,0,0,1,0,0,1,10001001,N,Y,N,N,N
CB,8A,203138,RES,1,D,1,0,0,0,1,0,1,0,10001010,N,Y,N,N,N
CB,8B,203139,RES,1,E,1,0,0,0,1,0,1,1,10001011,N,Y,N,N,N
CB,8C,203140,RES,1,H,1,0,0,0,1,1,0,0,10001100,N,Y,N,N,N
CB,8D,203141,RES,1,L,1,0,0,0,1,1,0,1,10001101,N,Y,N,N,N
CB,8E,203142,RES,1,(HL),1,0,0,0,1,1,1,0,10001110,N,Y,Y,N,N
CB,8F,203143,RES,1,A,1,0,0,0,1,1,1,1,10001111,N,Y,N,N,N
CB,90,203144,RES,2,B,1,0,0,1,0,0,0,0,10010000,N,Y,N,N,N
CB,91,203145,RES,2,C,1,0,0,1,0,0,0,1,10010001,N,Y,N,N,N
CB,92,203146,RES,2,D,1,0,0,1,0,0,1,0,10010010,N,Y,N,N,N
CB,93,203147,RES,2,E,1,0,0,1,0,0,1,1,10010011,N,Y,N,N,N
CB,94,203148,RES,2,H,1,0,0,1,0,1,0,0,10010100,N,Y,N,N,N
CB,95,203149,RES,2,L,1,0,0,1,0,1,0,1,10010101,N,Y,N,N,N
CB,96,203150,RES,2,(HL),1,0,0,1,0,1,1,0,10010110,N,Y,Y,N,N
CB,97,203151,RES,2,A,1,0,0,1,0,1,1,1,10010111,N,Y,N,N,N
CB,98,203152,RES,3,B,1,0,0,1,1,0,0,0,10011000,N,Y,N,N,N
CB,99,203153,RES,3,C,1,0,0,1,1,0,0,1,10011001,N,Y,N,N,N
CB,9A,203154,RES,3,D,1,0,0,1,1,0,1,0,10011010,N,Y,N,N,N
CB,9B,203155,RES,3,E,1,0,0,1,1,0,1,1,10011011,N,Y,N,N,N
CB,9C,203156,RES,3,H,1,0,0,1,1,1,0,0,10011100,N,Y,N,N,N
CB,9D,203157,RES,3,L,1,0,0,1,1,1,0,1,10011101,N,Y,N,N,N
CB,9E,203158,RES,3,(HL),1,0,0,1,1,1,1,0,10011110,N,Y,Y,N,N
CB,9F,203159,RES,3,A,1,0,0,1,1,1,1,1,10011111,N,Y,N,N,N
CB,A0,203160,RES,4,B,1,0,1,0,0,0,0,0,10100000,N,Y,N,N,N
CB,A1,203161,RES,4,C,1,0,1,0,0,0,0,1,10100001,N,Y,N,N,N
CB,A2,203162,RES,4,D,1,0,1,0,0,0,1,0,10100010,N,Y,N,N,N
CB,A3,203163,RES,4,E,1,0,1,0,0,0,1,1,10100011,N,Y,N,N,N
CB,A4,203164,RES,4,H,1,0,1,0,0,1,0,0,10100100,N,Y,N,N,N
CB,A5,203165,RES,4,L,1,0,1,0,0,1,0,1,10100101,N,Y,N,N,N
CB,A6,203166,RES,4,(HL),1,0,1,0,0,1,1,0,10100110,N,Y,Y,N,N
CB,A7,203167,RES,4,A,1,0,1,0,0,1,1,1,10100111,N,Y,N,N,N
CB,A8,203168,RES,5,B,1,0,1,0,1,0,0,0,10101000,N,Y,N,N,N
CB,A9,203169,RES,5,C,1,0,1,0,1,0,0,1,10101001,N,Y,N,N,N
CB,AA,203170,RES,5,D,1,0,1,0,1,0,1,0,10101010,N,Y,N,N,N
CB,AB,203171,RES,5,E,1,0,1,0,1,0,1,1,10101011,N,Y,N,N,N
CB,AC,203172,RES,5,H,1,0,1,0,1,1,0,0,10101100,N,Y,N,N,N
CB,AD,203173,RES,5,L,1,0,1,0,1,1,0,1,10101101,N,Y,N,N,N
CB,AE,203174,RES,5,(HL),1,0,1,0,1,1,1,0,10101110,N,Y,Y,N,N
CB,AF,203175,RES,5,A,1,0,1,0,1,1,1,1,10101111,N,Y,N,N,N
CB,B0,203176,RES,6,B,1,0,1,1,0,0,0,0,10110000,N,Y,N,N,N
CB,B1,203177,RES,6,C,1,0,1,1,0,0,0,1,10110001,N,Y,N,N,N
CB,B2,203178,RES,6,D,1,0,1,1,0,0,1,0,10110010,N,Y,N,N,N
CB,B3,203179,RES,6,E,1,0,1,1,0,0,1,1,10110011,N,Y,N,N,N
CB,B4,203180,RES,6,H,1,0,1,1,0,1,0,0,10110100,N,Y,N,N,N
CB,B5,203181,RES,6,L,1,0,1,1,0,1,0,1,10110101,N,Y,N,N,N
CB,B6,203182,RES,6,(HL),1,0,1,1,0,1,1,0,10110110,N,Y,Y,N,N
CB,B7,203183,RES,6,A,1,0,1,1,0,1,1,1,10110111,N,Y,N,N,N
CB,B8,203184,RES,7,B,1,0,1,1,1,0,0,0,10111000,N,Y,N,N,N
CB,B9,203185,RES,7,C,1,0,1,1,1,0,0,1,10111001,N,Y,N,N,N
CB,BA,203186,RES,7,D,1,0,1,1,1,0,1,0,10111010,N,Y,N,N,N
CB,BB,203187,RES,7,E,1,0,1,1,1,0,1,1,10111011,N,Y,N,N,N
CB,BC,203188,RES,7,H,1,0,1,1,1,1,0,0,10111100,N,Y,N,N,N
CB,BD,203189,RES,7,L,1,0,1,1,1,1,0,1,10111101,N,Y,N,N,N
CB,BE,203190,RES,7,(HL),1,0,1,1,1,1,1,0,10111110,N,Y,Y,N,N
CB,BF,203191,RES,7,A,1,0,1,1,1,1,1,1,10111111,N,Y,N,N,N
CB,C0,203192,SET,0,B,1,1,0,0,0,0,0,0,11000000,N,Y,N,N,N
CB,C1,203193,SET,0,C,1,1,0,0,0,0,0,1,11000001,N,Y,N,N,N
CB,C2,203194,SET,0,D,1,1,0,0,0,0,1,0,11000010,N,Y,N,N,N
CB,C3,203195,SET,0,E,1,1,0,0,0,0,1,1,11000011,N,Y,N,N,N
CB,C4,203196,SET,0,H,1,1,0,0,0,1,0,0,11000100,N,Y,N,N,N
CB,C5,203197,SET,0,L,1,1,0,0,0,1,0,1,11000101,N,Y,N,N,N
CB,C6,203198,SET,0,(HL),1,1,0,0,0,1,1,0,11000110,N,Y,Y,N,N
CB,C7,203199,SET,0,A,1,1,0,0,0,1,1,1,11000111,N,Y,N,N,N
CB,C8,203200,SET,1,B,1,1,0,0,1,0,0,0,11001000,N,Y,N,N,N
CB,C9,203201,SET,1,C,1,1,0,0,1,0,0,1,11001001,N,Y,N,N,N
CB,CA,203202,SET,1,D,1,1,0,0,1,0,1,0,11001010,N,Y,N,N,N
CB,CB,203203,SET,1,E,1,1,0,0,1,0,1,1,11001011,N,Y,N,N,N
CB,CC,203204,SET,1,H,1,1,0,0,1,1,0,0,11001100,N,Y,N,N,N
CB,CD,203205,SET,1,L,1,1,0,0,1,1,0,1,11001101,N,Y,N,N,N
CB,CE,203206,SET,1,(HL),1,1,0,0,1,1,1,0,11001110,N,Y,Y,N,N
CB,CF,203207,SET,1,A,1,1,0,0,1,1,1,1,11001111,N,Y,N,N,N
CB,D0,203208,SET,2,B,1,1,0,1,0,0,0,0,11010000,N,Y,N,N,N
CB,D1,203209,SET,2,C,1,1,0,1,0,0,0,1,11010001,N,Y,N,N,N
CB,D2,203210,SET,2,D,1,1,0,1,0,0,1,0,11010010,N,Y,N,N,N
CB,D3,203211,SET,2,E,1,1,0,1,0,0,1,1,11010011,N,Y,N,N,N
CB,D4,203212,SET,2,H,1,1,0,1,0,1,0,0,11010100,N,Y,N,N,N
CB,D5,203213,SET,2,L,1,1,0,1,0,1,0,1,11010101,N,Y,N,N,N
CB,D6,203214,SET,2,(HL),1,1,0,1,0,1,1,0,11010110,N,Y,Y,N,N
CB,D7,203215,SET,2,A,1,1,0,1,0,1,1,1,11010111,N,Y,N,N,N
CB,D8,203216,SET,3,B,1,1,0,1,1,0,0,0,11011000,N,Y,N,N,N
CB,D9,203217,SET,3,C,1,1,0,1,1,0,0,1,11011001,N,Y,N,N,N
CB,DA,203218,SET,3,D,1,1,0,1,1,0,1,0,11011010,N,Y,N,N,N
CB,DB,203219,SET,3,E,1,1,0,1,1,0,1,1,11011011,N,Y,N,N,N
CB,DC,203220,SET,3,H,1,1,0,1,1,1,0,0,11011100,N,Y,N,N,N
CB,DD,203221,SET,3,L,1,1,0,1,1,1,0,1,11011101,N,Y,N,N,N
CB,DE,203222,SET,3,(HL),1,1,0,1,1,1,1,0,11011110,N,Y,Y,N,N
CB,DF,203223,SET,3,A,1,1,0,1,1,1,1,1,11011111,N,Y,N,N,N
CB,E0,203224,SET,4,B,1,1,1,0,0,0,0,0,11100000,N,Y,N,N,N
CB,E1,203225,SET,4,C,1,1,1,0,0,0,0,1,11100001,N,Y,N,N,N
CB,E2,203226,SET,4,D,1,1,1,0,0,0,1,0,11100010,N,Y,N,N,N
CB,E3,203227,SET,4,E,1,1,1,0,0,0,1,1,11100011,N,Y,N,N,N
CB,E4,203228,SET,4,H,1,1,1,0,0,1,0,0,11100100,N,Y,N,N,N
CB,E5,203229,SET,4,L,1,1,1,0,0,1,0,1,11100101,N,Y,N,N,N
CB,E6,203230,SET,4,(HL),1,1,1,0,0,1,1,0,11100110,N,Y,Y,N,N
CB,E7,203231,SET,4,A,1,1,1,0,0,1,1,1,11100111,N,Y,N,N,N
CB,E8,203232,SET,5,B,1,1,1,0,1,0,0,0,11101000,N,Y,N,N,N
CB,E9,203233,SET,5,C,1,1,1,0,1,0,0,1,11101001,N,Y,N,N,N
CB,EA,203234,SET,5,D,1,1,1,0,1,0,1,0,11101010,N,Y,N,N,N
CB,EB,203235,SET,5,E,1,1,1,0,1,0,1,1,11101011,N,Y,N,N,N
CB,EC,203236,SET,5,H,1,1,1,0,1,1,0,0,11101100,N,Y,N,N,N
CB,ED,203237,SET,5,L,1,1,1,0,1,1,0,1,11101101,N,Y,N,N,N
CB,EE,203238,SET,5,(HL),1,1,1,0,1,1,1,0,11101110,N,Y,Y,N,N
CB,EF,203239,SET,5,A,1,1,1,0,1,1,1,1,11101111,N,Y,N,N,N
CB,F0,203240,SET,6,B,1,1,1,1,0,0,0,0,11110000,N,Y,N,N,N
CB,F1,203241,SET,6,C,1,1,1,1,0,0,0,1,11110001,N,Y,N,N,N
CB,F2,203242,SET,6,D,1,1,1,1,0,0,1,0,11110010,N,Y,N,N,N
CB,F3,203243,SET,6,E,1,1,1,1,0,0,1,1,11110011,N,Y,N,N,N
CB,F4,203244,SET,6,H,1,1,1,1,0,1,0,0,11110100,N,Y,N,N,N
CB,F5,203245,SET,6,L,1,1,1,1,0,1,0,1,11110101,N,Y,N,N,N
CB,F6,203246,SET,6,(HL),1,1,1,1,0,1,1,0,11110110,N,Y,Y,N,N
CB,F7,203247,SET,6,A,1,1,1,1,0,1,1,1,11110111,N,Y,N,N,N
CB,F8,203248,SET,7,B,1,1,1,1,1,0,0,0,11111000,N,Y,N,N,N
CB,F9,203249,SET,7,C,1,1,1,1,1,0,0,1,11111001,N,Y,N,N,N
CB,FA,203250,SET,7,D,1,1,1,1,1,0,1,0,11111010,N,Y,N,N,N
CB,FB,203251,SET,7,E,1,1,1,1,1,0,1,1,11111011,N,Y,N,N,N
CB,FC,203252,SET,7,H,1,1,1,1,1,1,0,0,11111100,N,Y,N,N,N
CB,FD,203253,SET,7,L,1,1,1,1,1,1,0,1,11111101,N,Y,N,N,N
CB,FE,203254,SET,7,(HL),1,1,1,1,1,1,1,0,11111110,N,Y,Y,N,N
CB,FF,203255,SET,7,A,1,1,1,1,1,1,1,1,11111111,N,Y,N,N,N
DD,0,221000,RLC,(IX),B,0,0,0,0,0,0,0,0,00000000,N,N,N,Y,N
DD,1,221001,RLC,(IX),C,0,0,0,0,0,0,0,1,00000001,N,N,N,Y,N
DD,2,221002,RLC,(IX),D,0,0,0,0,0,0,1,0,00000010,N,N,N,Y,N
DD,3,221003,RLC,(IX),E,0,0,0,0,0,0,1,1,00000011,N,N,N,Y,N
DD,4,221004,RLC,(IX),H,0,0,0,0,0,1,0,0,00000100,N,N,N,Y,N
DD,5,221005,RLC,(IX),L,0,0,0,0,0,1,0,1,00000101,N,N,N,Y,N
DD,6,221006,RLC,(IX),,0,0,0,0,0,1,1,0,00000110,N,Y,Y,Y,N
DD,7,221007,RLC,(IX),A,0,0,0,0,0,1,1,1,00000111,N,N,N,Y,N
DD,8,221008,RRC,(IX),B,0,0,0,0,1,0,0,0,00001000,N,N,N,Y,N
DD,9,221009,RRC,(IX),C,0,0,0,0,1,0,0,1,00001001,N,N,N,Y,N
DD,0A,221010,RRC,(IX),D,0,0,0,0,1,0,1,0,00001010,N,N,N,Y,N
DD,0B,221011,RRC,(IX),E,0,0,0,0,1,0,1,1,00001011,N,N,N,Y,N
DD,0C,221012,RRC,(IX),H,0,0,0,0,1,1,0,0,00001100,N,N,N,Y,N
DD,0D,221013,RRC,(IX),L,0,0,0,0,1,1,0,1,00001101,N,N,N,Y,N
DD,0E,221014,RRC,(IX),,0,0,0,0,1,1,1,0,00001110,N,Y,Y,Y,N
DD,0F,221015,RRC,(IX),A,0,0,0,0,1,1,1,1,00001111,N,N,N,Y,N
DD,10,221016,RL,(IX),B,0,0,0,1,0,0,0,0,00010000,N,N,N,Y,N
DD,11,221017,RL,(IX),C,0,0,0,1,0,0,0,1,00010001,N,N,N,Y,N
DD,12,221018,RL,(IX),D,0,0,0,1,0,0,1,0,00010010,N,N,N,Y,N
DD,13,221019,RL,(IX),E,0,0,0,1,0,0,1,1,00010011,N,N,N,Y,N
DD,14,221020,RL,(IX),H,0,0,0,1,0,1,0,0,00010100,N,N,N,Y,N
DD,15,221021,RL,(IX),L,0,0,0,1,0,1,0,1,00010101,N,N,N,Y,N
DD,16,221022,RL,(IX),,0,0,0,1,0,1,1,0,00010110,N,Y,Y,Y,N
DD,17,221023,RL,(IX),A,0,0,0,1,0,1,1,1,00010111,N,N,N,Y,N
DD,18,221024,RR,(IX),B,0,0,0,1,1,0,0,0,00011000,N,N,N,Y,N
DD,19,221025,RR,(IX),C,0,0,0,1,1,0,0,1,00011001,N,N,N,Y,N
DD,1A,221026,RR,(IX),D,0,0,0,1,1,0,1,0,00011010,N,N,N,Y,N
DD,1B,221027,RR,(IX),E,0,0,0,1,1,0,1,1,00011011,N,N,N,Y,N
DD,1C,221028,RR,(IX),H,0,0,0,1,1,1,0,0,00011100,N,N,N,Y,N
DD,1D,221029,RR,(IX),L,0,0,0,1,1,1,0,1,00011101,N,N,N,Y,N
DD,1E,221030,RR,(IX),,0,0,0,1,1,1,1,0,00011110,N,Y,Y,Y,N
DD,1F,221031,RR,(IX),A,0,0,0,1,1,1,1,1,00011111,N,N,N,Y,N
DD,20,221032,SLA,(IX),B,0,0,1,0,0,0,0,0,00100000,N,N,N,Y,N
DD,21,221033,SLA,(IX),C,0,0,1,0,0,0,0,1,00100001,N,N,N,Y,N
DD,22,221034,SLA,(IX),D,0,0,1,0,0,0,1,0,00100010,N,N,N,Y,N
DD,23,221035,SLA,(IX),E,0,0,1,0,0,0,1,1,00100011,N,N,N,Y,N
DD,24,221036,SLA,(IX),H,0,0,1,0,0,1,0,0,00100100,N,N,N,Y,N
DD,25,221037,SLA,(IX),L,0,0,1,0,0,1,0,1,00100101,N,N,N,Y,N
DD,26,221038,SLA,(IX),,0,0,1,0,0,1,1,0,00100110,N,Y,Y,Y,N
DD,27,221039,SLA,(IX),A,0,0,1,0,0,1,1,1,00100111,N,N,N,Y,N
DD,28,221040,SRA,(IX),B,0,0,1,0,1,0,0,0,00101000,N,N,N,Y,N
DD,29,221041,SRA,(IX),C,0,0,1,0,1,0,0,1,00101001,N,N,N,Y,N
DD,2A,221042,SRA,(IX),D,0,0,1,0,1,0,1,0,00101010,N,N,N,Y,N
DD,2B,221043,SRA,(IX),E,0,0,1,0,1,0,1,1,00101011,N,N,N,Y,N
DD,2C,221044,SRA,(IX),H,0,0,1,0,1,1,0,0,00101100,N,N,N,Y,N
DD,2D,221045,SRA,(IX),L,0,0,1,0,1,1,0,1,00101101,N,N,N,Y,N
DD,2E,221046,SRA,(IX),,0,0,1,0,1,1,1,0,00101110,N,Y,Y,Y,N
DD,2F,221047,SRA,(IX),A,0,0,1,0,1,1,1,1,00101111,N,N,N,Y,N
DD,30,221048,SLL,(IX),B,0,0,1,1,0,0,0,0,00110000,N,N,N,Y,N
DD,31,221049,SLL,(IX),C,0,0,1,1,0,0,0,1,00110001,N,N,N,Y,N
DD,32,221050,SLL,(IX),D,0,0,1,1,0,0,1,0,00110010,N,N,N,Y,N
DD,33,221051,SLL,(IX),E,0,0,1,1,0,0,1,1,00110011,N,N,N,Y,N
DD,34,221052,SLL,(IX),H,0,0,1,1,0,1,0,0,00110100,N,N,N,Y,N
DD,35,221053,SLL,(IX),L,0,0,1,1,0,1,0,1,00110101,N,N,N,Y,N
DD,36,221054,SLL,(IX),,0,0,1,1,0,1,1,0,00110110,N,Y,Y,Y,N
DD,37,221055,SLL,(IX),A,0,0,1,1,0,1,1,1,00110111,N,N,N,Y,N
DD,38,221056,SRL,(IX),B,0,0,1,1,1,0,0,0,00111000,N,N,N,Y,N
DD,39,221057,SRL,(IX),C,0,0,1,1,1,0,0,1,00111001,N,N,N,Y,N
DD,3A,221058,SRL,(IX),D,0,0,1,1,1,0,1,0,00111010,N,N,N,Y,N
DD,3B,221059,SRL,(IX),E,0,0,1,1,1,0,1,1,00111011,N,N,N,Y,N
DD,3C,221060,SRL,(IX),H,0,0,1,1,1,1,0,0,00111100,N,N,N,Y,N
DD,3D,221061,SRL,(IX),L,0,0,1,1,1,1,0,1,00111101,N,N,N,Y,N
DD,3E,221062,SRL,(IX),,0,0,1,1,1,1,1,0,00111110,N,Y,Y,Y,N
DD,3F,221063,SRL,(IX),A,0,0,1,1,1,1,1,1,00111111,N,N,N,Y,N
DD,40,221064,BIT,0,(IX),0,1,0,0,0,0,0,0,01000000,N,N,N,Y,N
DD,41,221065,BIT,0,(IX),0,1,0,0,0,0,0,1,01000001,N,N,N,Y,N
DD,42,221066,BIT,0,(IX),0,1,0,0,0,0,1,0,01000010,N,N,N,Y,N
DD,43,221067,BIT,0,(IX),0,1,0,0,0,0,1,1,01000011,N,N,N,Y,N
DD,44,221068,BIT,0,(IX),0,1,0,0,0,1,0,0,01000100,N,N,N,Y,N
DD,45,221069,BIT,0,(IX),0,1,0,0,0,1,0,1,01000101,N,N,N,Y,N
DD,46,221070,BIT,0,(IX),0,1,0,0,0,1,1,0,01000110,N,Y,Y,Y,N
DD,47,221071,BIT,0,(IX),0,1,0,0,0,1,1,1,01000111,N,N,N,Y,N
DD,48,221072,BIT,1,(IX),0,1,0,0,1,0,0,0,01001000,N,N,N,Y,N
DD,49,221073,BIT,1,(IX),0,1,0,0,1,0,0,1,01001001,N,N,N,Y,N
DD,4A,221074,BIT,1,(IX),0,1,0,0,1,0,1,0,01001010,N,N,N,Y,N
DD,4B,221075,BIT,1,(IX),0,1,0,0,1,0,1,1,01001011,N,N,N,Y,N
DD,4C,221076,BIT,1,(IX),0,1,0,0,1,1,0,0,01001100,N,N,N,Y,N
DD,4D,221077,BIT,1,(IX),0,1,0,0,1,1,0,1,01001101,N,N,N,Y,N
DD,4E,221078,BIT,1,(IX),0,1,0,0,1,1,1,0,01001110,N,Y,Y,Y,N
DD,4F,221079,BIT,1,(IX),0,1,0,0,1,1,1,1,01001111,N,N,N,Y,N
DD,50,221080,BIT,2,(IX),0,1,0,1,0,0,0,0,01010000,N,N,N,Y,N
DD,51,221081,BIT,2,(IX),0,1,0,1,0,0,0,1,01010001,N,N,N,Y,N
DD,52,221082,BIT,2,(IX),0,1,0,1,0,0,1,0,01010010,N,N,N,Y,N
DD,53,221083,BIT,2,(IX),0,1,0,1,0,0,1,1,01010011,N,N,N,Y,N
DD,54,221084,BIT,2,(IX),0,1,0,1,0,1,0,0,01010100,N,N,N,Y,N
DD,55,221085,BIT,2,(IX),0,1,0,1,0,1,0,1,01010101,N,N,N,Y,N
DD,56,221086,BIT,2,(IX),0,1,0,1,0,1,1,0,01010110,N,Y,Y,Y,N
DD,57,221087,BIT,2,(IX),0,1,0,1,0,1,1,1,01010111,N,N,N,Y,N
DD,58,221088,BIT,3,(IX),0,1,0,1,1,0,0,0,01011000,N,N,N,Y,N
DD,59,221089,BIT,3,(IX),0,1,0,1,1,0,0,1,01011001,N,N,N,Y,N
DD,5A,221090,BIT,3,(IX),0,1,0,1,1,0,1,0,01011010,N,N,N,Y,N
DD,5B,221091,BIT,3,(IX),0,1,0,1,1,0,1,1,01011011,N,N,N,Y,N
DD,5C,221092,BIT,3,(IX),0,1,0,1,1,1,0,0,01011100,N,N,N,Y,N
DD,5D,221093,BIT,3,(IX),0,1,0,1,1,1,0,1,01011101,N,N,N,Y,N
DD,5E,221094,BIT,3,(IX),0,1,0,1,1,1,1,0,01011110,N,Y,Y,Y,N
DD,5F,221095,BIT,3,(IX),0,1,0,1,1,1,1,1,01011111,N,N,N,Y,N
DD,60,221096,BIT,4,(IX),0,1,1,0,0,0,0,0,01100000,N,N,N,Y,N
DD,61,221097,BIT,4,(IX),0,1,1,0,0,0,0,1,01100001,N,N,N,Y,N
DD,62,221098,BIT,4,(IX),0,1,1,0,0,0,1,0,01100010,N,N,N,Y,N
DD,63,221099,BIT,4,(IX),0,1,1,0,0,0,1,1,01100011,N,N,N,Y,N
DD,64,221100,BIT,4,(IX),0,1,1,0,0,1,0,0,01100100,N,N,N,Y,N
DD,65,221101,BIT,4,(IX),0,1,1,0,0,1,0,1,01100101,N,N,N,Y,N
DD,66,221102,BIT,4,(IX),0,1,1,0,0,1,1,0,01100110,N,Y,Y,Y,N
DD,67,221103,BIT,4,(IX),0,1,1,0,0,1,1,1,01100111,N,N,N,Y,N
DD,68,221104,BIT,5,(IX),0,1,1,0,1,0,0,0,01101000,N,N,N,Y,N
DD,69,221105,BIT,5,(IX),0,1,1,0,1,0,0,1,01101001,N,N,N,Y,N
DD,6A,221106,BIT,5,(IX),0,1,1,0,1,0,1,0,01101010,N,N,N,Y,N
DD,6B,221107,BIT,5,(IX),0,1,1,0,1,0,1,1,01101011,N,N,N,Y,N
DD,6C,221108,BIT,5,(IX),0,1,1,0,1,1,0,0,01101100,N,N,N,Y,N
DD,6D,221109,BIT,5,(IX),0,1,1,0,1,1,0,1,01101101,N,N,N,Y,N
DD,6E,221110,BIT,5,(IX),0,1,1,0,1,1,1,0,01101110,N,Y,Y,Y,N
DD,6F,221111,BIT,5,(IX),0,1,1,0,1,1,1,1,01101111,N,N,N,Y,N
DD,70,221112,BIT,6,(IX),0,1,1,1,0,0,0,0,01110000,N,N,N,Y,N
DD,71,221113,BIT,6,(IX),0,1,1,1,0,0,0,1,01110001,N,N,N,Y,N
DD,72,221114,BIT,6,(IX),0,1,1,1,0,0,1,0,01110010,N,N,N,Y,N
DD,73,221115,BIT,6,(IX),0,1,1,1,0,0,1,1,01110011,N,N,N,Y,N
DD,74,221116,BIT,6,(IX),0,1,1,1,0,1,0,0,01110100,N,N,N,Y,N
DD,75,221117,BIT,6,(IX),0,1,1,1,0,1,0,1,01110101,N,N,N,Y,N
DD,76,221118,BIT,6,(IX),0,1,1,1,0,1,1,0,01110110,N,Y,Y,Y,N
DD,77,221119,BIT,6,(IX),0,1,1,1,0,1,1,1,01110111,N,N,N,Y,N
DD,78,221120,BIT,7,(IX),0,1,1,1,1,0,0,0,01111000,N,N,N,Y,N
DD,79,221121,BIT,7,(IX),0,1,1,1,1,0,0,1,01111001,N,N,N,Y,N
DD,7A,221122,BIT,7,(IX),0,1,1,1,1,0,1,0,01111010,N,N,N,Y,N
DD,7B,221123,BIT,7,(IX),0,1,1,1,1,0,1,1,01111011,N,N,N,Y,N
DD,7C,221124,BIT,7,(IX),0,1,1,1,1,1,0,0,01111100,N,N,N,Y,N
DD,7D,221125,BIT,7,(IX),0,1,1,1,1,1,0,1,01111101,N,N,N,Y,N
DD,7E,221126,BIT,7,(IX),0,1,1,1,1,1,1,0,01111110,N,Y,Y,Y,N
DD,7F,221127,BIT,7,(IX),0,1,1,1,1,1,1,1,01111111,N,N,N,Y,N
DD,80,221128,RES,0,(IX),1,0,0,0,0,0,0,0,10000000,N,N,N,Y,N
DD,81,221129,RES,0,(IX),1,0,0,0,0,0,0,1,10000001,N,N,N,Y,N
DD,82,221130,RES,0,(IX),1,0,0,0,0,0,1,0,10000010,N,N,N,Y,N
DD,83,221131,RES,0,(IX),1,0,0,0,0,0,1,1,10000011,N,N,N,Y,N
DD,84,221132,RES,0,(IX),1,0,0,0,0,1,0,0,10000100,N,N,N,Y,N
DD,85,221133,RES,0,(IX),1,0,0,0,0,1,0,1,10000101,N,N,N,Y,N
DD,86,221134,RES,0,(IX),1,0,0,0,0,1,1,0,10000110,N,Y,Y,Y,N
DD,87,221135,RES,0,(IX),1,0,0,0,0,1,1,1,10000111,N,N,N,Y,N
DD,88,221136,RES,1,(IX),1,0,0,0,1,0,0,0,10001000,N,N,N,Y,N
DD,89,221137,RES,1,(IX),1,0,0,0,1,0,0,1,10001001,N,N,N,Y,N
DD,8A,221138,RES,1,(IX),1,0,0,0,1,0,1,0,10001010,N,N,N,Y,N
DD,8B,221139,RES,1,(IX),1,0,0,0,1,0,1,1,10001011,N,N,N,Y,N
DD,8C,221140,RES,1,(IX),1,0,0,0,1,1,0,0,10001100,N,N,N,Y,N
DD,8D,221141,RES,1,(IX),1,0,0,0,1,1,0,1,10001101,N,N,N,Y,N
DD,8E,221142,RES,1,(IX),1,0,0,0,1,1,1,0,10001110,N,Y,Y,Y,N
DD,8F,221143,RES,1,(IX),1,0,0,0,1,1,1,1,10001111,N,N,N,Y,N
DD,90,221144,RES,2,(IX),1,0,0,1,0,0,0,0,10010000,N,N,N,Y,N
DD,91,221145,RES,2,(IX),1,0,0,1,0,0,0,1,10010001,N,N,N,Y,N
DD,92,221146,RES,2,(IX),1,0,0,1,0,0,1,0,10010010,N,N,N,Y,N
DD,93,221147,RES,2,(IX),1,0,0,1,0,0,1,1,10010011,N,N,N,Y,N
DD,94,221148,RES,2,(IX),1,0,0,1,0,1,0,0,10010100,N,N,N,Y,N
DD,95,221149,RES,2,(IX),1,0,0,1,0,1,0,1,10010101,N,N,N,Y,N
DD,96,221150,RES,2,(IX),1,0,0,1,0,1,1,0,10010110,N,Y,Y,Y,N
DD,97,221151,RES,2,(IX),1,0,0,1,0,1,1,1,10010111,N,N,N,Y,N
DD,98,221152,RES,3,(IX),1,0,0,1,1,0,0,0,10011000,N,N,N,Y,N
DD,99,221153,RES,3,(IX),1,0,0,1,1,0,0,1,10011001,N,N,N,Y,N
DD,9A,221154,RES,3,(IX),1,0,0,1,1,0,1,0,10011010,N,N,N,Y,N
DD,9B,221155,RES,3,(IX),1,0,0,1,1,0,1,1,10011011,N,N,N,Y,N
DD,9C,221156,RES,3,(IX),1,0,0,1,1,1,0,0,10011100,N,N,N,Y,N
DD,9D,221157,RES,3,(IX),1,0,0,1,1,1,0,1,10011101,N,N,N,Y,N
DD,9E,221158,RES,3,(IX),1,0,0,1,1,1,1,0,10011110,N,Y,Y,Y,N
DD,9F,221159,RES,3,(IX),1,0,0,1,1,1,1,1,10011111,N,N,N,Y,N
DD,A0,221160,RES,4,(IX),1,0,1,0,0,0,0,0,10100000,N,N,N,Y,N
DD,A1,221161,RES,4,(IX),1,0,1,0,0,0,0,1,10100001,N,N,N,Y,N
DD,A2,221162,RES,4,(IX),1,0,1,0,0,0,1,0,10100010,N,N,N,Y,N
DD,A3,221163,RES,4,(IX),1,0,1,0,0,0,1,1,10100011,N,N,N,Y,N
DD,A4,221164,RES,4,(IX),1,0,1,0,0,1,0,0,10100100,N,N,N,Y,N
DD,A5,221165,RES,4,(IX),1,0,1,0,0,1,0,1,10100101,N,N,N,Y,N
DD,A6,221166,RES,4,(IX),1,0,1,0,0,1,1,0,10100110,N,Y,Y,Y,N
DD,A7,221167,RES,4,(IX),1,0,1,0,0,1,1,1,10100111,N,N,N,Y,N
DD,A8,221168,RES,5,(IX),1,0,1,0,1,0,0,0,10101000,N,N,N,Y,N
DD,A9,221169,RES,5,(IX),1,0,1,0,1,0,0,1,10101001,N,N,N,Y,N
DD,AA,221170,RES,5,(IX),1,0,1,0,1,0,1,0,10101010,N,N,N,Y,N
DD,AB,221171,RES,5,(IX),1,0,1,0,1,0,1,1,10101011,N,N,N,Y,N
DD,AC,221172,RES,5,(IX),1,0,1,0,1,1,0,0,10101100,N,N,N,Y,N
DD,AD,221173,RES,5,(IX),1,0,1,0,1,1,0,1,10101101,N,N,N,Y,N
DD,AE,221174,RES,5,(IX),1,0,1,0,1,1,1,0,10101110,N,Y,Y,Y,N
DD,AF,221175,RES,5,(IX),1,0,1,0,1,1,1,1,10101111,N,N,N,Y,N
DD,B0,221176,RES,6,(IX),1,0,1,1,0,0,0,0,10110000,N,N,N,Y,N
DD,B1,221177,RES,6,(IX),1,0,1,1,0,0,0,1,10110001,N,N,N,Y,N
DD,B2,221178,RES,6,(IX),1,0,1,1,0,0,1,0,10110010,N,N,N,Y,N
DD,B3,221179,RES,6,(IX),1,0,1,1,0,0,1,1,10110011,N,N,N,Y,N
DD,B4,221180,RES,6,(IX),1,0,1,1,0,1,0,0,10110100,N,N,N,Y,N
DD,B5,221181,RES,6,(IX),1,0,1,1,0,1,0,1,10110101,N,N,N,Y,N
DD,B6,221182,RES,6,(IX),1,0,1,1,0,1,1,0,10110110,N,Y,Y,Y,N
DD,B7,221183,RES,6,(IX),1,0,1,1,0,1,1,1,10110111,N,N,N,Y,N
DD,B8,221184,RES,7,(IX),1,0,1,1,1,0,0,0,10111000,N,N,N,Y,N
DD,B9,221185,RES,7,(IX),1,0,1,1,1,0,0,1,10111001,N,N,N,Y,N
DD,BA,221186,RES,7,(IX),1,0,1,1,1,0,1,0,10111010,N,N,N,Y,N
DD,BB,221187,RES,7,(IX),1,0,1,1,1,0,1,1,10111011,N,N,N,Y,N
DD,BC,221188,RES,7,(IX),1,0,1,1,1,1,0,0,10111100,N,N,N,Y,N
DD,BD,221189,RES,7,(IX),1,0,1,1,1,1,0,1,10111101,N,N,N,Y,N
DD,BE,221190,RES,7,(IX),1,0,1,1,1,1,1,0,10111110,N,Y,Y,Y,N
DD,BF,221191,RES,7,(IX),1,0,1,1,1,1,1,1,10111111,N,N,N,Y,N
DD,C0,221192,SET,0,(IX),1,1,0,0,0,0,0,0,11000000,N,N,N,Y,N
DD,C1,221193,SET,0,(IX),1,1,0,0,0,0,0,1,11000001,N,N,N,Y,N
DD,C2,221194,SET,0,(IX),1,1,0,0,0,0,1,0,11000010,N,N,N,Y,N
DD,C3,221195,SET,0,(IX),1,1,0,0,0,0,1,1,11000011,N,N,N,Y,N
DD,C4,221196,SET,0,(IX),1,1,0,0,0,1,0,0,11000100,N,N,N,Y,N
DD,C5,221197,SET,0,(IX),1,1,0,0,0,1,0,1,11000101,N,N,N,Y,N
DD,C6,221198,SET,0,(IX),1,1,0,0,0,1,1,0,11000110,N,Y,Y,Y,N
DD,C7,221199,SET,0,(IX),1,1,0,0,0,1,1,1,11000111,N,N,N,Y,N
DD,C8,221200,SET,1,(IX),1,1,0,0,1,0,0,0,11001000,N,N,N,Y,N
DD,C9,221201,SET,1,(IX),1,1,0,0,1,0,0,1,11001001,N,N,N,Y,N
DD,CA,221202,SET,1,(IX),1,1,0,0,1,0,1,0,11001010,N,N,N,Y,N
DD,CB,221203,SET,1,(IX),1,1,0,0,1,0,1,1,11001011,N,N,N,Y,N
DD,CC,221204,SET,1,(IX),1,1,0,0,1,1,0,0,11001100,N,N,N,Y,N
DD,CD,221205,SET,1,(IX),1,1,0,0,1,1,0,1,11001101,N,N,N,Y,N
DD,CE,221206,SET,1,(IX),1,1,0,0,1,1,1,0,11001110,N,Y,Y,Y,N
DD,CF,221207,SET,1,(IX),1,1,0,0,1,1,1,1,11001111,N,N,N,Y,N
DD,D0,221208,SET,2,(IX),1,1,0,1,0,0,0,0,11010000,N,N,N,Y,N
DD,D1,221209,SET,2,(IX),1,1,0,1,0,0,0,1,11010001,N,N,N,Y,N
DD,D2,221210,SET,2,(IX),1,1,0,1,0,0,1,0,11010010,N,N,N,Y,N
DD,D3,221211,SET,2,(IX),1,1,0,1,0,0,1,1,11010011,N,N,N,Y,N
DD,D4,221212,SET,2,(IX),1,1,0,1,0,1,0,0,11010100,N,N,N,Y,N
DD,D5,221213,SET,2,(IX),1,1,0,1,0,1,0,1,11010101,N,N,N,Y,N
DD,D6,221214,SET,2,(IX),1,1,0,1,0,1,1,0,11010110,N,Y,Y,Y,N
DD,D7,221215,SET,2,(IX),1,1,0,1,0,1,1,1,11010111,N,N,N,Y,N
DD,D8,221216,SET,3,(IX),1,1,0,1,1,0,0,0,11011000,N,N,N,Y,N
DD,D9,221217,SET,3,(IX),1,1,0,1,1,0,0,1,11011001,N,N,N,Y,N
DD,DA,221218,SET,3,(IX),1,1,0,1,1,0,1,0,11011010,N,N,N,Y,N
DD,DB,221219,SET,3,(IX),1,1,0,1,1,0,1,1,11011011,N,N,N,Y,N
DD,DC,221220,SET,3,(IX),1,1,0,1,1,1,0,0,11011100,N,N,N,Y,N
DD,DD,221221,SET,3,(IX),1,1,0,1,1,1,0,1,11011101,N,N,N,Y,N
DD,DE,221222,SET,3,(IX),1,1,0,1,1,1,1,0,11011110,N,Y,Y,Y,N
DD,DF,221223,SET,3,(IX),1,1,0,1,1,1,1,1,11011111,N,N,N,Y,N
DD,E0,221224,SET,4,(IX),1,1,1,0,0,0,0,0,11100000,N,N,N,Y,N
DD,E1,221225,SET,4,(IX),1,1,1,0,0,0,0,1,11100001,N,N,N,Y,N
DD,E2,221226,SET,4,(IX),1,1,1,0,0,0,1,0,11100010,N,N,N,Y,N
DD,E3,221227,SET,4,(IX),1,1,1,0,0,0,1,1,11100011,N,N,N,Y,N
DD,E4,221228,SET,4,(IX),1,1,1,0,0,1,0,0,11100100,N,N,N,Y,N
DD,E5,221229,SET,4,(IX),1,1,1,0,0,1,0,1,11100101,N,N,N,Y,N
DD,E6,221230,SET,4,(IX),1,1,1,0,0,1,1,0,11100110,N,Y,Y,Y,N
DD,E7,221231,SET,4,(IX),1,1,1,0,0,1,1,1,11100111,N,N,N,Y,N
DD,E8,221232,SET,5,(IX),1,1,1,0,1,0,0,0,11101000,N,N,N,Y,N
DD,E9,221233,SET,5,(IX),1,1,1,0,1,0,0,1,11101001,N,N,N,Y,N
DD,EA,221234,SET,5,(IX),1,1,1,0,1,0,1,0,11101010,N,N,N,Y,N
DD,EB,221235,SET,5,(IX),1,1,1,0,1,0,1,1,11101011,N,N,N,Y,N
DD,EC,221236,SET,5,(IX),1,1,1,0,1,1,0,0,11101100,N,N,N,Y,N
DD,ED,221237,SET,5,(IX),1,1,1,0,1,1,0,1,11101101,N,N,N,Y,N
DD,EE,221238,SET,5,(IX),1,1,1,0,1,1,1,0,11101110,N,Y,Y,Y,N
DD,EF,221239,SET,5,(IX),1,1,1,0,1,1,1,1,11101111,N,N,N,Y,N
DD,F0,221240,SET,6,(IX),1,1,1,1,0,0,0,0,11110000,N,N,N,Y,N
DD,F1,221241,SET,6,(IX),1,1,1,1,0,0,0,1,11110001,N,N,N,Y,N
DD,F2,221242,SET,6,(IX),1,1,1,1,0,0,1,0,11110010,N,N,N,Y,N
DD,F3,221243,SET,6,(IX),1,1,1,1,0,0,1,1,11110011,N,N,N,Y,N
DD,F4,221244,SET,6,(IX),1,1,1,1,0,1,0,0,11110100,N,N,N,Y,N
DD,F5,221245,SET,6,(IX),1,1,1,1,0,1,0,1,11110101,N,N,N,Y,N
DD,F6,221246,SET,6,(IX),1,1,1,1,0,1,1,0,11110110,N,Y,Y,Y,N
DD,F7,221247,SET,6,(IX),1,1,1,1,0,1,1,1,11110111,N,N,N,Y,N
DD,F8,221248,SET,7,(IX),1,1,1,1,1,0,0,0,11111000,N,N,N,Y,N
DD,F9,221249,SET,7,(IX),1,1,1,1,1,0,0,1,11111001,N,N,N,Y,N
DD,FA,221250,SET,7,(IX),1,1,1,1,1,0,1,0,11111010,N,N,N,Y,N
DD,FB,221251,SET,7,(IX),1,1,1,1,1,0,1,1,11111011,N,N,N,Y,N
DD,FC,221252,SET,7,(IX),1,1,1,1,1,1,0,0,11111100,N,N,N,Y,N
DD,FD,221253,SET,7,(IX),1,1,1,1,1,1,0,1,11111101,N,N,N,Y,N
DD,FE,221254,SET,7,(IX),1,1,1,1,1,1,1,0,11111110,N,Y,Y,Y,N
DD,FF,221255,SET,7,(IX),1,1,1,1,1,1,1,1,11111111,N,N,N,Y,N
ED,40,237064,IN,B,(C),0,1,0,0,0,0,0,0,01000000,N,Y,N,N,N
ED,41,237065,OUT,(C),B,0,1,0,0,0,0,0,1,01000001,N,Y,N,N,N
ED,42,237066,SBC,HL,BC,0,1,0,0,0,0,1,0,01000010,N,Y,N,N,N
ED,43,237067,LD,(nn),BC,0,1,0,0,0,0,1,1,01000011,Y,Y,Y,N,N
ED,44,237068,NEG,,,0,1,0,0,0,1,0,0,01000100,N,Y,N,N,N
ED,45,237069,RETN,,,0,1,0,0,0,1,0,1,01000101,N,Y,N,N,N
ED,46,237070,IM,0,,0,1,0,0,0,1,1,0,01000110,N,Y,N,N,N
ED,47,237071,LD,I,A,0,1,0,0,0,1,1,1,01000111,N,Y,N,N,N
ED,48,237072,IN,C,(C),0,1,0,0,1,0,0,0,01001000,N,Y,N,N,N
ED,49,237073,OUT,(C),C,0,1,0,0,1,0,0,1,01001001,N,Y,N,N,N
ED,4A,237074,ADC,HL,BC,0,1,0,0,1,0,1,0,01001010,N,Y,N,N,N
ED,4B,237075,LD,BC,(nn),0,1,0,0,1,0,1,1,01001011,Y,Y,Y,N,N
ED,4C,237076,NEG,,,0,1,0,0,1,1,0,0,01001100,N,X,N,N,N
ED,4D,237077,RETI,,,0,1,0,0,1,1,0,1,01001101,N,Y,N,N,N
ED,4E,237078,IM,0,,0,1,0,0,1,1,1,0,01001110,N,X,N,N,N
ED,4F,237079,LD,R,A,0,1,0,0,1,1,1,1,01001111,N,Y,N,N,N
ED,50,237080,IN,D,(C),0,1,0,1,0,0,0,0,01010000,N,Y,N,N,N
ED,51,237081,OUT,(C),D,0,1,0,1,0,0,0,1,01010001,N,Y,N,N,N
ED,52,237082,SBC,HL,DE,0,1,0,1,0,0,1,0,01010010,N,Y,N,N,N
ED,53,237083,LD,(nn),DE,0,1,0,1,0,0,1,1,01010011,Y,Y,Y,N,N
ED,54,237084,NEG,,,0,1,0,1,0,1,0,0,01010100,N,X,N,N,N
ED,55,237085,RETN,,,0,1,0,1,0,1,0,1,01010101,N,Y,N,N,N
ED,56,237086,IM,1,,0,1,0,1,0,1,1,0,01010110,N,Y,N,N,N
ED,57,237087,LD,A,I,0,1,0,1,0,1,1,1,01010111,N,Y,N,N,N
ED,58,237088,IN,E,(C),0,1,0,1,1,0,0,0,01011000,N,Y,N,N,N
ED,59,237089,OUT,(C),E,0,1,0,1,1,0,0,1,01011001,N,Y,N,N,N
ED,5A,237090,ADC,HL,DE,0,1,0,1,1,0,1,0,01011010,N,Y,N,N,N
ED,5B,237091,LD,DE,(nn),0,1,0,1,1,0,1,1,01011011,Y,Y,Y,N,N
ED,5C,237092,NEG,,,0,1,0,1,1,1,0,0,01011100,N,X,N,N,N
ED,5D,237093,RETN,,,0,1,0,1,1,1,0,1,01011101,N,Y,N,N,N
ED,5E,237094,IM,2,,0,1,0,1,1,1,1,0,01011110,N,Y,N,N,N
ED,5F,237095,LD,A,R,0,1,0,1,1,1,1,1,01011111,N,Y,N,N,N
ED,60,237096,IN,H,(C),0,1,1,0,0,0,0,0,01100000,N,Y,N,N,N
ED,61,237097,OUT,(C),H,0,1,1,0,0,0,0,1,01100001,N,Y,N,N,N
ED,62,237098,SBC,HL,HL,0,1,1,0,0,0,1,0,01100010,N,Y,N,N,N
ED,63,237099,LD,(nn),HL,0,1,1,0,0,0,1,1,01100011,Y,X,Y,N,N
ED,64,237100,NEG,,,0,1,1,0,0,1,0,0,01100100,N,X,N,N,N
ED,65,237101,RETN,,,0,1,1,0,0,1,0,1,01100101,N,Y,N,N,N
ED,66,237102,IM,0,,0,1,1,0,0,1,1,0,01100110,N,Y,N,N,N
ED,67,237103,RRD,,,0,1,1,0,0,1,1,1,01100111,N,Y,N,N,N
ED,68,237104,IN,L,(C),0,1,1,0,1,0,0,0,01101000,N,Y,N,N,N
ED,69,237105,OUT,(C),L,0,1,1,0,1,0,0,1,01101001,N,Y,N,N,N
ED,6A,237106,ADC,HL,HL,0,1,1,0,1,0,1,0,01101010,N,Y,N,N,N
ED,6B,237107,LD,HL,(nn),0,1,1,0,1,0,1,1,01101011,Y,X,Y,N,N
ED,6C,237108,NEG,,,0,1,1,0,1,1,0,0,01101100,N,X,N,N,N
ED,6D,237109,RETN,,,0,1,1,0,1,1,0,1,01101101,N,Y,N,N,N
ED,6E,237110,IM,0,,0,1,1,0,1,1,1,0,01101110,N,X,N,N,N
ED,6F,237111,RLD,,,0,1,1,0,1,1,1,1,01101111,N,Y,N,N,N
ED,70,237112,IN,(C),,0,1,1,1,0,0,0,0,01110000,N,X,Y,N,N
ED,71,237113,OUT,(C),0,0,1,1,1,0,0,0,1,01110001,N,X,Y,N,N
ED,72,237114,SBC,HL,SP,0,1,1,1,0,0,1,0,01110010,N,Y,N,N,N
ED,73,237115,LD,(nn),SP,0,1,1,1,0,0,1,1,01110011,Y,Y,Y,N,N
ED,74,237116,NEG,,,0,1,1,1,0,1,0,0,01110100,N,X,N,N,N
ED,75,237117,RETN,,,0,1,1,1,0,1,0,1,01110101,N,Y,N,N,N
ED,76,237118,IM,1,,0,1,1,1,0,1,1,0,01110110,N,Y,N,N,N
ED,78,237120,IN,A,(C),0,1,1,1,1,0,0,0,01111000,N,Y,N,N,N
ED,79,237121,OUT,(C),A,0,1,1,1,1,0,0,1,01111001,N,Y,N,N,N
ED,7A,237122,ADC,HL,SP,0,1,1,1,1,0,1,0,01111010,N,Y,N,N,N
ED,7B,237123,LD,SP,(nn),0,1,1,1,1,0,1,1,01111011,Y,Y,Y,N,N
ED,7C,237124,NEG,,,0,1,1,1,1,1,0,0,01111100,N,X,N,N,N
ED,7D,237125,RETN,,,0,1,1,1,1,1,0,1,01111101,N,Y,N,N,N
ED,7E,237126,IM,2,,0,1,1,1,1,1,1,0,01111110,N,Y,N,N,N
ED,A0,237160,LDI,,,1,0,1,0,0,0,0,0,10100000,N,Y,N,N,N
ED,A1,237161,CPI,,,1,0,1,0,0,0,0,1,10100001,N,Y,N,N,N
ED,A2,237162,INI,,,1,0,1,0,0,0,1,0,10100010,N,Y,N,N,N
ED,A3,237163,OUTI,,,1,0,1,0,0,0,1,1,10100011,N,Y,N,N,N
ED,A8,237168,LDD,,,1,0,1,0,1,0,0,0,10101000,N,Y,N,N,N
ED,A9,237169,CPD,,,1,0,1,0,1,0,0,1,10101001,N,Y,N,N,N
ED,AA,237170,IND,,,1,0,1,0,1,0,1,0,10101010,N,Y,N,N,N
ED,AB,237171,OUTD,,,1,0,1,0,1,0,1,1,10101011,N,Y,N,N,N
ED,B0,237176,LDIR,,,1,0,1,1,0,0,0,0,10110000,N,Y,N,N,N
ED,B1,237177,CPIR,,,1,0,1,1,0,0,0,1,10110001,N,Y,N,N,N
ED,B2,237178,INIR,,,1,0,1,1,0,0,1,0,10110010,N,Y,N,N,N
ED,B3,237179,OTIR,,,1,0,1,1,0,0,1,1,10110011,N,Y,N,N,N
ED,B8,237184,LDDR,,,1,0,1,1,1,0,0,0,10111000,N,Y,N,N,N
ED,B9,237185,CPDR,,,1,0,1,1,1,0,0,1,10111001,N,Y,N,N,N
ED,BA,237186,INDR,,,1,0,1,1,1,0,1,0,10111010,N,Y,N,N,N
ED,BB,237187,OTDR,,,1,0,1,1,1,0,1,1,10111011,N,Y,N,N,N
